  {
        "title": "Garita de Seguridad - Plaza Belgrano",
        "type": "transporte",
        "lat": -34.7083,
        "lng": -58.4061,
        "description": "Garita con presencia policial las 24hs. Recientemente renovada."
    },
    {
        "title": "Cámara de Monitoreo",
        "type": "seguridad",
        "lat": -34.7155,
        "lng": -58.3998,
        "description": "Domo 360 con visión nocturna."
    },
    {
        "title": "Semáforo Av. Hipólito Yrigoyen y 25 de Mayo",w
        "type": "semaforo",
        "status": "ok",
        "lat": -34.7195,
        "lng": -58.4082,
        "description": ""
    },
    {
        "title": "Semáforo con fallas en Av. 9 de Julio",
        "type": "semaforo",
        "status": "falla",
        "lat": -34.725,
        "lng": -58.4015,
        "description": "Reportado el día de la fecha. Intermitente."
    }
]
